chunk,rmse_years
1,44.241401352272206
2,17.74042422707545
3,10.816534849442832
4,9.699208265498495
5,9.38489581868556
6,10.01767014413971
7,8.230663554874498
8,9.980512036390515
9,9.170090572691656
10,10.695430743635116
11,8.981008683946401
12,10.157246446274126
13,10.175959410977546
14,10.61226503887632
15,8.6568559771505
16,8.479630875229736
17,10.296122621116917
18,9.66842118848512
19,34.60117513838795
20,8.745878776165988
21,9.391846857241529
22,9.336746435954595
23,9.069099184958846
24,11.170512617531596
25,9.203920513395616
26,8.41208410940457
27,9.691258577743907
28,9.580095783508591
29,9.259871620909971
30,9.300137521925155
31,8.888060518109874
32,8.517466955372694
33,10.143839285326726
34,10.1139389000008
35,8.347313877746997
36,11.416648904245625
37,12.050058740691252
38,8.27682400244153
39,10.406990659998362
40,9.968097271324979
41,9.01629884791671
42,8.890804792316663
43,9.478442084568302
44,10.001512354988252
45,9.92598195592679
46,9.350819934964685
47,9.626001960769258
48,10.632099164121263
49,10.494919202015007
50,9.960539754561799
51,8.795764411698938
52,8.08779025877313
53,7.722659988514779
54,9.945960632577107
55,9.654160394177145
56,9.471841710663764
57,10.171074966534116
58,9.822577863018408
59,9.625240575397045
60,10.537109968169746
61,9.393191906869246
62,10.827038578543553
63,9.12002035691197
64,9.547559199659355
65,8.993922612730643
66,8.888918108145818
67,8.512852884775679
68,8.376673686078774
69,10.598597692228351
70,9.3523185332881
71,9.195193466553366
72,9.349573972152678
73,9.492213230700521
74,9.895362308102758
75,12.392359246943647
76,9.285237726151644
77,8.768857316718499
78,9.624988764756528
79,10.302760428339452
80,9.01928775718765
81,9.183570032437661
82,11.374253034576997
83,10.297693359029585
84,8.915177463299639
85,10.37056799188724
86,9.073697652218527
87,8.823947717335546
88,9.349931357899402
89,8.78869069385241
90,8.719827440354852
91,10.102058557761781
92,57.91018413422701
93,9.751831811582608
