schedule,epoch,chunk_in_epoch,global_chunk,n_songs,train_chunk_rmse_years
constant,1,1,1,5000,60.1153005701937
optimal,1,1,1,5000,89609632634233.52
invscaling,1,1,1,5000,900.3678253081772
constant,1,2,2,5000,17.309420774006384
optimal,1,2,2,5000,65019140846401.1
invscaling,1,2,2,5000,526.5190918102943
constant,1,3,3,5000,12.213787731952452
optimal,1,3,3,5000,43986901222636.586
invscaling,1,3,3,5000,327.95855303777813
constant,1,4,4,5000,11.137772376281665
optimal,1,4,4,5000,30959198867768.645
invscaling,1,4,4,5000,213.15532290160448
constant,1,5,5,5000,10.438414445588487
optimal,1,5,5,5000,31518902906325.203
invscaling,1,5,5,5000,142.1130301407205
constant,1,6,6,5000,9.749942160437906
optimal,1,6,6,5000,21334660884124.484
invscaling,1,6,6,5000,97.43267881163999
constant,1,7,7,5000,9.753449869537317
optimal,1,7,7,5000,18469578835205.152
invscaling,1,7,7,5000,68.41463796421978
constant,1,8,8,5000,9.86298203651783
optimal,1,8,8,5000,15228121547795.47
invscaling,1,8,8,5000,48.698643425923244
constant,1,9,9,5000,9.821699727116362
optimal,1,9,9,5000,12502954265713.035
invscaling,1,9,9,5000,35.38418669707913
constant,1,10,10,5000,9.704315405695363
optimal,1,10,10,5000,13597945715058.738
invscaling,1,10,10,5000,26.666062537881967
constant,1,11,11,5000,9.952343430538416
optimal,1,11,11,5000,12085105693177.186
invscaling,1,11,11,5000,21.184384799940542
constant,1,12,12,5000,9.437452699114433
optimal,1,12,12,5000,9078842902606.764
invscaling,1,12,12,5000,17.240106057480478
constant,1,13,13,5000,9.733489919140226
optimal,1,13,13,5000,10315768437621.646
invscaling,1,13,13,5000,14.745020887233704
constant,1,14,14,5000,9.655242379698597
optimal,1,14,14,5000,8362283081469.847
invscaling,1,14,14,5000,13.522820467693181
constant,1,15,15,5000,9.21390054920659
optimal,1,15,15,5000,7613833525114.704
invscaling,1,15,15,5000,12.184655726810545
constant,1,16,16,5000,9.300853345698638
optimal,1,16,16,5000,7304639350323.492
invscaling,1,16,16,5000,11.424769444588197
constant,1,17,17,5000,9.695579975881294
optimal,1,17,17,5000,7393524696196.853
invscaling,1,17,17,5000,11.413577901407884
constant,1,18,18,5000,9.833079941904113
optimal,1,18,18,5000,5557184204179.529
invscaling,1,18,18,5000,11.093888773330612
constant,1,19,19,5000,9.618113269881546
optimal,1,19,19,5000,5587120871304.507
invscaling,1,19,19,5000,10.830109532640485
constant,1,20,20,5000,9.952957821456314
optimal,1,20,20,5000,4499324711511.523
invscaling,1,20,20,5000,10.962199265592753
constant,1,21,21,5000,9.877839837130114
optimal,1,21,21,5000,7072381177113.184
invscaling,1,21,21,5000,10.38650746442469
constant,1,22,22,5000,9.875435626269114
optimal,1,22,22,5000,5381108014493.845
invscaling,1,22,22,5000,10.650392906177748
constant,1,23,23,5000,9.600635775297002
optimal,1,23,23,5000,6064536448452.433
invscaling,1,23,23,5000,10.270933054452719
constant,1,24,24,5000,9.379247863869681
optimal,1,24,24,5000,6284553280192.809
invscaling,1,24,24,5000,9.899456348683554
constant,1,25,25,5000,9.682691676001346
optimal,1,25,25,5000,4693821360036.6
invscaling,1,25,25,5000,10.282643674955972
constant,1,26,26,5000,10.072141611448993
optimal,1,26,26,5000,6619768293766.86
invscaling,1,26,26,5000,10.250310275028397
constant,1,27,27,5000,9.51578800405676
optimal,1,27,27,5000,3591071025371.445
invscaling,1,27,27,5000,9.888792041343052
constant,1,28,28,5000,9.918590945371417
optimal,1,28,28,5000,3981997490338.3506
invscaling,1,28,28,5000,10.241729373268594
constant,1,29,29,5000,9.601315164172739
optimal,1,29,29,5000,3814928291298.722
invscaling,1,29,29,5000,9.918448116050428
constant,1,30,30,5000,9.73953288959346
optimal,1,30,30,5000,3573057185290.8457
invscaling,1,30,30,5000,9.895322649372051
constant,1,31,31,5000,9.619642886218886
optimal,1,31,31,5000,3794154760936.7437
invscaling,1,31,31,5000,9.75216792854825
constant,1,32,32,5000,10.005177523139134
optimal,1,32,32,5000,2542522639484.6265
invscaling,1,32,32,5000,9.725950792666007
constant,1,33,33,5000,9.636778573676903
optimal,1,33,33,5000,4456009104274.44
invscaling,1,33,33,5000,9.738701494296055
constant,1,34,34,5000,9.891243399741425
optimal,1,34,34,5000,2669634173743.6436
invscaling,1,34,34,5000,10.089040473283912
constant,1,35,35,5000,9.706372965380398
optimal,1,35,35,5000,2396369962351.3193
invscaling,1,35,35,5000,9.922771512192226
constant,1,36,36,5000,9.499425801633384
optimal,1,36,36,5000,3032617797912.1206
invscaling,1,36,36,5000,9.674896875712658
constant,1,37,37,5000,9.814831589328914
optimal,1,37,37,5000,2536273644139.2964
invscaling,1,37,37,5000,9.853280599087652
constant,1,38,38,5000,9.85690139096719
optimal,1,38,38,5000,3015614535788.9478
invscaling,1,38,38,5000,9.676485425993754
constant,1,39,39,5000,9.211129644775811
optimal,1,39,39,5000,2850796102514.423
invscaling,1,39,39,5000,9.285988800009095
constant,1,40,40,5000,9.545555390168149
optimal,1,40,40,5000,2373562050931.365
invscaling,1,40,40,5000,9.632070779292826
constant,1,41,41,5000,10.024938889339605
optimal,1,41,41,5000,2875383027686.589
invscaling,1,41,41,5000,9.814059053275976
constant,1,42,42,5000,9.245727698109919
optimal,1,42,42,5000,2296849624171.883
invscaling,1,42,42,5000,9.275068296276263
constant,1,43,43,5000,9.557167686941495
optimal,1,43,43,5000,2938774503091.203
invscaling,1,43,43,5000,9.676633181565892
constant,1,44,44,5000,9.762191580968482
optimal,1,44,44,5000,2361663772285.4834
invscaling,1,44,44,5000,9.74043387274112
constant,1,45,45,5000,9.60620622112569
optimal,1,45,45,5000,2587259936236.966
invscaling,1,45,45,5000,9.64326272403206
constant,1,46,46,5000,9.60111473723627
optimal,1,46,46,5000,2198269283094.3792
invscaling,1,46,46,5000,9.56786015089142
constant,1,47,47,5000,9.814241212048454
optimal,1,47,47,5000,2054959995367.2925
invscaling,1,47,47,5000,9.781345114443443
constant,1,48,48,5000,9.611907099116788
optimal,1,48,48,5000,2590735571229.147
invscaling,1,48,48,5000,9.533523487578616
constant,1,49,49,5000,10.195909566429128
optimal,1,49,49,5000,2384310636619.4697
invscaling,1,49,49,5000,9.647227960336004
constant,1,50,50,5000,9.949353930475791
optimal,1,50,50,5000,3265745333877.736
invscaling,1,50,50,5000,9.83505012611895
constant,1,51,51,5000,9.434675188194085
optimal,1,51,51,5000,2494457794486.0693
invscaling,1,51,51,5000,9.475038827216679
constant,1,52,52,5000,9.946943917275942
optimal,1,52,52,5000,2276810302591.729
invscaling,1,52,52,5000,9.862218875068345
constant,1,53,53,5000,9.760129839215924
optimal,1,53,53,5000,1761976093957.7078
invscaling,1,53,53,5000,9.606957689897964
constant,1,54,54,5000,9.772633599486449
optimal,1,54,54,5000,2261841155008.8047
invscaling,1,54,54,5000,9.695120278734414
constant,1,55,55,5000,9.850831436898853
optimal,1,55,55,5000,2316266275212.118
invscaling,1,55,55,5000,9.819126449647946
constant,1,56,56,5000,9.6203004171081
optimal,1,56,56,5000,2048584969034.0286
invscaling,1,56,56,5000,9.620965499842622
constant,1,57,57,5000,9.746583294915906
optimal,1,57,57,5000,1928262316231.883
invscaling,1,57,57,5000,9.591907352695284
constant,1,58,58,5000,10.723153017515777
optimal,1,58,58,5000,1847018922451.9534
invscaling,1,58,58,5000,9.477704131202746
constant,1,59,59,5000,9.66725094244239
optimal,1,59,59,5000,1351585385558.7659
invscaling,1,59,59,5000,9.660409871606749
constant,1,60,60,5000,9.591662520338618
optimal,1,60,60,5000,1796100461404.7551
invscaling,1,60,60,5000,9.528658656512295
constant,1,61,61,5000,9.866806257541246
optimal,1,61,61,5000,1263587071140.51
invscaling,1,61,61,5000,9.819676753730743
constant,1,62,62,5000,9.594216175179621
optimal,1,62,62,5000,1606165227805.4695
invscaling,1,62,62,5000,9.550791453059668
constant,1,63,63,5000,9.871949794011911
optimal,1,63,63,5000,1630386528894.7896
invscaling,1,63,63,5000,9.300132562651891
constant,1,64,64,5000,9.844207410831245
optimal,1,64,64,5000,2252941275510.254
invscaling,1,64,64,5000,9.700050352978998
constant,1,65,65,5000,14.277061684704911
optimal,1,65,65,5000,2858435073419.7754
invscaling,1,65,65,5000,9.791367057827303
constant,1,66,66,5000,9.883140876867431
optimal,1,66,66,5000,1156783462632.7734
invscaling,1,66,66,5000,9.770930772582306
constant,1,67,67,5000,9.637540613453012
optimal,1,67,67,5000,1196833220508.742
invscaling,1,67,67,5000,9.577314456770479
constant,1,68,68,5000,9.806816456937005
optimal,1,68,68,5000,1584468911018.1196
invscaling,1,68,68,5000,9.390805625730865
constant,1,69,69,5000,14.066396134119966
optimal,1,69,69,5000,1521291927769.5156
invscaling,1,69,69,5000,9.524568111384662
constant,1,70,70,5000,10.416420547588558
optimal,1,70,70,5000,1366156550764.642
invscaling,1,70,70,5000,9.372741228031153
constant,1,71,71,5000,9.767941742376893
optimal,1,71,71,5000,1422743346694.0657
invscaling,1,71,71,5000,9.558859433529289
constant,1,72,72,5000,9.815201805223484
optimal,1,72,72,5000,1721031306262.6257
invscaling,1,72,72,5000,9.724415993718326
constant,1,73,73,5000,9.55165164086588
optimal,1,73,73,5000,1255494380467.26
invscaling,1,73,73,5000,9.447695200868726
constant,1,74,74,5000,9.549593264560052
optimal,1,74,74,5000,1089660532041.723
invscaling,1,74,74,5000,9.410158621192188
constant,1,75,75,5000,9.77505768141592
optimal,1,75,75,5000,1099624821204.8542
invscaling,1,75,75,5000,9.555356790362948
constant,1,76,76,5000,9.652967649214746
optimal,1,76,76,5000,1169456151237.811
invscaling,1,76,76,5000,9.560141061302796
constant,1,77,77,5000,9.70502923510903
optimal,1,77,77,5000,1001925304846.2037
invscaling,1,77,77,5000,9.646169135096386
constant,1,78,78,5000,9.54410864378584
optimal,1,78,78,5000,1165555015421.8945
invscaling,1,78,78,5000,9.422358300439654
constant,1,79,79,5000,9.5461140083792
optimal,1,79,79,5000,1152189872991.1633
invscaling,1,79,79,5000,9.502084748247485
constant,1,80,80,5000,9.791917027373323
optimal,1,80,80,5000,740152482899.0074
invscaling,1,80,80,5000,9.638913330098267
constant,1,81,81,5000,9.75281352803123
optimal,1,81,81,5000,1208072323089.181
invscaling,1,81,81,5000,9.539684493584232
constant,1,82,82,5000,9.49830579539541
optimal,1,82,82,5000,1215527232292.462
invscaling,1,82,82,5000,9.505923120818967
constant,1,83,83,5000,9.763456043661188
optimal,1,83,83,5000,1077750406013.4332
invscaling,1,83,83,5000,9.674176528603368
constant,1,84,84,5000,9.656679356598506
optimal,1,84,84,5000,1425127071152.1736
invscaling,1,84,84,5000,9.541215822066423
constant,1,85,85,5000,10.038245264533481
optimal,1,85,85,5000,1617952850434.6638
invscaling,1,85,85,5000,9.61243864722698
constant,1,86,86,5000,10.988224921218828
optimal,1,86,86,5000,1197971548789.761
invscaling,1,86,86,5000,10.03218516626166
constant,1,87,87,5000,9.395605561209047
optimal,1,87,87,5000,1369826666379.9175
invscaling,1,87,87,5000,9.24768024654975
constant,1,88,88,5000,10.228701011466296
optimal,1,88,88,5000,988366326284.1321
invscaling,1,88,88,5000,9.76977528338079
constant,1,89,89,5000,9.921355924705988
optimal,1,89,89,5000,1431608318222.4897
invscaling,1,89,89,5000,9.703032967638578
constant,1,90,90,5000,10.214824671971723
optimal,1,90,90,5000,883889638915.3478
invscaling,1,90,90,5000,9.86497903382193
constant,1,91,91,5000,9.502837507994874
optimal,1,91,91,5000,916968712273.8665
invscaling,1,91,91,5000,9.44008559909401
constant,1,92,92,5000,9.733214084523537
optimal,1,92,92,5000,708079497250.9917
invscaling,1,92,92,5000,9.60487038092297
constant,1,93,93,3715,9.878716369519548
optimal,1,93,93,3715,727609394155.2947
invscaling,1,93,93,3715,9.548153284546782
constant,2,1,94,5000,9.893804540324181
optimal,2,1,94,5000,795249390624.6735
invscaling,2,1,94,5000,9.645133365589551
constant,2,2,95,5000,9.414823414290739
optimal,2,2,95,5000,946117180470.1882
invscaling,2,2,95,5000,9.208508123258577
constant,2,3,96,5000,9.661263555488429
optimal,2,3,96,5000,1111190012375.26
invscaling,2,3,96,5000,9.570675571174782
constant,2,4,97,5000,9.7467379591242
optimal,2,4,97,5000,725288284813.7076
invscaling,2,4,97,5000,9.594202326967041
constant,2,5,98,5000,9.937965255494111
optimal,2,5,98,5000,964415306537.2301
invscaling,2,5,98,5000,9.76857799218983
constant,2,6,99,5000,9.561909306800409
optimal,2,6,99,5000,919585252230.6638
invscaling,2,6,99,5000,9.433684568000169
constant,2,7,100,5000,9.836221620427143
optimal,2,7,100,5000,834388299875.2167
invscaling,2,7,100,5000,9.523647764055225
constant,2,8,101,5000,9.64709997770746
optimal,2,8,101,5000,1061528027439.7324
invscaling,2,8,101,5000,9.498285838687282
constant,2,9,102,5000,9.529328489779557
optimal,2,9,102,5000,778593638076.7131
invscaling,2,9,102,5000,9.43542563006512
constant,2,10,103,5000,9.7162238678695
optimal,2,10,103,5000,1411527068240.3982
invscaling,2,10,103,5000,9.633737962336914
constant,2,11,104,5000,9.734288507162146
optimal,2,11,104,5000,872599854980.7281
invscaling,2,11,104,5000,9.591739582404296
constant,2,12,105,5000,10.132150440759723
optimal,2,12,105,5000,980159644816.5477
invscaling,2,12,105,5000,9.550228514014544
constant,2,13,106,5000,9.704671905473687
optimal,2,13,106,5000,692559051639.581
invscaling,2,13,106,5000,9.487989342695554
constant,2,14,107,5000,9.700216023207485
optimal,2,14,107,5000,546313950343.9257
invscaling,2,14,107,5000,9.574938430385137
constant,2,15,108,5000,10.487356886263264
optimal,2,15,108,5000,2162889408216.2454
invscaling,2,15,108,5000,9.515949075275062
constant,2,16,109,5000,9.652713668146825
optimal,2,16,109,5000,781046969051.2805
invscaling,2,16,109,5000,9.623186667945932
constant,2,17,110,5000,9.717811753344481
optimal,2,17,110,5000,1006225048068.4453
invscaling,2,17,110,5000,9.666956456482275
constant,2,18,111,5000,10.012903673153096
optimal,2,18,111,5000,904950281764.2594
invscaling,2,18,111,5000,9.67131883642167
constant,2,19,112,5000,9.514431203439566
optimal,2,19,112,5000,872887508293.3701
invscaling,2,19,112,5000,9.377007374858389
constant,2,20,113,5000,9.483782622112967
optimal,2,20,113,5000,1257613340810.3513
invscaling,2,20,113,5000,9.27327653692155
constant,2,21,114,5000,9.545668503526128
optimal,2,21,114,5000,794111087820.0972
invscaling,2,21,114,5000,9.425308933473422
constant,2,22,115,5000,9.630422040139331
optimal,2,22,115,5000,941535265178.5642
invscaling,2,22,115,5000,9.457605215845717
constant,2,23,116,5000,9.736649357592297
optimal,2,23,116,5000,790664399744.8951
invscaling,2,23,116,5000,9.642587321569602
constant,2,24,117,5000,10.15611158241151
optimal,2,24,117,5000,916443040758.1023
invscaling,2,24,117,5000,9.943717904051143
constant,2,25,118,5000,9.568147691107718
optimal,2,25,118,5000,672368994106.8728
invscaling,2,25,118,5000,9.516159555206302
constant,2,26,119,5000,9.743378558556595
optimal,2,26,119,5000,696793740189.942
invscaling,2,26,119,5000,9.667513214243254
constant,2,27,120,5000,9.584660269550936
optimal,2,27,120,5000,496377890785.40283
invscaling,2,27,120,5000,9.385763364824726
constant,2,28,121,5000,9.896721196746313
optimal,2,28,121,5000,634481669567.4753
invscaling,2,28,121,5000,9.70452676082604
constant,2,29,122,5000,11.556878200902544
optimal,2,29,122,5000,695250066304.7595
invscaling,2,29,122,5000,9.598726920040834
constant,2,30,123,5000,9.608456481398305
optimal,2,30,123,5000,637527656366.1587
invscaling,2,30,123,5000,9.493306779794192
constant,2,31,124,5000,9.449735131091755
optimal,2,31,124,5000,523122644717.0267
invscaling,2,31,124,5000,9.25641620185775
constant,2,32,125,5000,9.813114161198609
optimal,2,32,125,5000,662544129892.798
invscaling,2,32,125,5000,9.75765954597195
constant,2,33,126,5000,9.469542298491886
optimal,2,33,126,5000,489783729494.1794
invscaling,2,33,126,5000,9.293476340844212
constant,2,34,127,5000,9.871661131586151
optimal,2,34,127,5000,650699327186.0713
invscaling,2,34,127,5000,9.50856773131432
constant,2,35,128,5000,10.147468094943122
optimal,2,35,128,5000,652822155097.3577
invscaling,2,35,128,5000,9.799003455888439
constant,2,36,129,5000,9.550513536717549
optimal,2,36,129,5000,501799013759.61365
invscaling,2,36,129,5000,9.562385889106823
constant,2,37,130,5000,9.849426310949573
optimal,2,37,130,5000,548541781345.9925
invscaling,2,37,130,5000,9.744251944346672
constant,2,38,131,5000,9.738980045926612
optimal,2,38,131,5000,1335481612591.8398
invscaling,2,38,131,5000,9.606054064220201
constant,2,39,132,5000,9.527148956447936
optimal,2,39,132,5000,1217155992693.5679
invscaling,2,39,132,5000,9.473873706508597
constant,2,40,133,5000,9.496999563041554
optimal,2,40,133,5000,518524928986.352
invscaling,2,40,133,5000,9.419926939778943
constant,2,41,134,5000,9.506803266380516
optimal,2,41,134,5000,368602561225.535
invscaling,2,41,134,5000,9.43516660380459
constant,2,42,135,5000,9.861567190799526
optimal,2,42,135,5000,576549233079.9539
invscaling,2,42,135,5000,9.719612780904397
constant,2,43,136,5000,9.704101407810304
optimal,2,43,136,5000,554606128553.9877
invscaling,2,43,136,5000,9.521070789439706
constant,2,44,137,5000,9.71184433041424
optimal,2,44,137,5000,565856478940.0417
invscaling,2,44,137,5000,9.435310297326174
constant,2,45,138,5000,9.736177597449299
optimal,2,45,138,5000,501240753010.1515
invscaling,2,45,138,5000,9.666488379185695
constant,2,46,139,5000,9.984854311744481
optimal,2,46,139,5000,534330933002.1515
invscaling,2,46,139,5000,9.781789443689592
constant,2,47,140,5000,9.72658218327218
optimal,2,47,140,5000,519227319096.48
invscaling,2,47,140,5000,9.631001455975555
constant,2,48,141,5000,9.892101062127884
optimal,2,48,141,5000,535950581158.5676
invscaling,2,48,141,5000,9.688976088495757
constant,2,49,142,5000,9.73108264678519
optimal,2,49,142,5000,578395438667.1329
invscaling,2,49,142,5000,9.574915740422146
constant,2,50,143,5000,9.883779891505798
optimal,2,50,143,5000,514580043880.7053
invscaling,2,50,143,5000,9.771684502830007
constant,2,51,144,5000,9.500144742013944
optimal,2,51,144,5000,377404319564.0624
invscaling,2,51,144,5000,9.414985250386597
constant,2,52,145,5000,9.456807386888055
optimal,2,52,145,5000,541042125590.39105
invscaling,2,52,145,5000,9.385445418385483
constant,2,53,146,5000,9.682843900814197
optimal,2,53,146,5000,540386533475.3845
invscaling,2,53,146,5000,9.489498797451231
constant,2,54,147,5000,9.505723338036871
optimal,2,54,147,5000,460600157897.5197
invscaling,2,54,147,5000,9.284575861115494
constant,2,55,148,5000,10.149030497593433
optimal,2,55,148,5000,1186738415212.4858
invscaling,2,55,148,5000,9.398041368041454
constant,2,56,149,5000,9.478443841383754
optimal,2,56,149,5000,492959920083.52374
invscaling,2,56,149,5000,9.336553812564825
constant,2,57,150,5000,9.495125810699099
optimal,2,57,150,5000,482381948559.29095
invscaling,2,57,150,5000,9.456757669009548
constant,2,58,151,5000,9.578493261063752
optimal,2,58,151,5000,493475212055.0004
invscaling,2,58,151,5000,9.439493331788272
constant,2,59,152,5000,9.989307870355773
optimal,2,59,152,5000,692402491083.4004
invscaling,2,59,152,5000,9.732619452824952
constant,2,60,153,5000,9.71495823553099
optimal,2,60,153,5000,412450994282.4932
invscaling,2,60,153,5000,9.539123103918916
constant,2,61,154,5000,10.094568514441038
optimal,2,61,154,5000,512346622426.138
invscaling,2,61,154,5000,9.807086605044992
constant,2,62,155,5000,9.61275210052747
optimal,2,62,155,5000,442793888056.3439
invscaling,2,62,155,5000,9.506580812446453
constant,2,63,156,5000,9.913656421149463
optimal,2,63,156,5000,376217093205.90985
invscaling,2,63,156,5000,9.772594176572117
constant,2,64,157,5000,9.682658021235266
optimal,2,64,157,5000,384702502934.0226
invscaling,2,64,157,5000,9.514973344552322
constant,2,65,158,5000,9.626363706612151
optimal,2,65,158,5000,532965280601.30927
invscaling,2,65,158,5000,9.445308065907199
constant,2,66,159,5000,11.973566665068487
optimal,2,66,159,5000,360471932737.2254
invscaling,2,66,159,5000,9.281482074594878
constant,2,67,160,5000,9.825557112669646
optimal,2,67,160,5000,343632855417.78644
invscaling,2,67,160,5000,9.597803967645579
constant,2,68,161,5000,9.840712262293449
optimal,2,68,161,5000,460614766753.531
invscaling,2,68,161,5000,9.606133129003707
constant,2,69,162,5000,9.928223808877274
optimal,2,69,162,5000,430110107974.86835
invscaling,2,69,162,5000,9.833627071616077
constant,2,70,163,5000,9.555251165208572
optimal,2,70,163,5000,234469475248.9721
invscaling,2,70,163,5000,9.427810638114652
constant,2,71,164,5000,9.454770190260914
optimal,2,71,164,5000,237034186723.13965
invscaling,2,71,164,5000,9.393741403758513
constant,2,72,165,5000,9.766208113437488
optimal,2,72,165,5000,661356547217.0068
invscaling,2,72,165,5000,9.309093650818367
constant,2,73,166,5000,9.397122470459568
optimal,2,73,166,5000,333988424285.4772
invscaling,2,73,166,5000,9.364503140406752
constant,2,74,167,5000,9.645366969588949
optimal,2,74,167,5000,725542510253.9008
invscaling,2,74,167,5000,9.516371898308668
constant,2,75,168,5000,9.752587872626894
optimal,2,75,168,5000,274064671226.74646
invscaling,2,75,168,5000,9.614685602649512
constant,2,76,169,5000,10.833562309666322
optimal,2,76,169,5000,586778541850.3231
invscaling,2,76,169,5000,9.643778971387428
constant,2,77,170,5000,9.46308753722638
optimal,2,77,170,5000,588834425080.8662
invscaling,2,77,170,5000,9.344353605577137
constant,2,78,171,5000,9.749019529668866
optimal,2,78,171,5000,460486122066.45917
invscaling,2,78,171,5000,9.57285593071404
constant,2,79,172,5000,9.741014318634694
optimal,2,79,172,5000,319718202252.0383
invscaling,2,79,172,5000,9.501980951861169
constant,2,80,173,5000,9.680073024816368
optimal,2,80,173,5000,148292991775.2057
invscaling,2,80,173,5000,9.320814269181046
constant,2,81,174,5000,9.903036517837357
optimal,2,81,174,5000,332739413666.91693
invscaling,2,81,174,5000,9.602905661405298
constant,2,82,175,5000,9.722394116363288
optimal,2,82,175,5000,316281502180.8561
invscaling,2,82,175,5000,9.462795936256608
constant,2,83,176,5000,9.649932267643527
optimal,2,83,176,5000,307157083660.2161
invscaling,2,83,176,5000,9.519650131232721
constant,2,84,177,5000,9.790409861980478
optimal,2,84,177,5000,406695325879.3085
invscaling,2,84,177,5000,9.56484895301063
constant,2,85,178,5000,9.791699554150412
optimal,2,85,178,5000,230708628658.34683
invscaling,2,85,178,5000,9.624418394942877
constant,2,86,179,5000,10.266077121760048
optimal,2,86,179,5000,677454408149.997
invscaling,2,86,179,5000,9.582635419150035
constant,2,87,180,5000,10.258567001162259
optimal,2,87,180,5000,378024390800.07715
invscaling,2,87,180,5000,9.983601723505842
constant,2,88,181,5000,9.39872060255763
optimal,2,88,181,5000,242833635725.48447
invscaling,2,88,181,5000,9.267009862537959
constant,2,89,182,5000,9.62430790762875
optimal,2,89,182,5000,365971816194.28
invscaling,2,89,182,5000,9.508940324520333
constant,2,90,183,5000,9.623099086520847
optimal,2,90,183,5000,309652771421.29144
invscaling,2,90,183,5000,9.496700935390798
constant,2,91,184,5000,9.83333067051304
optimal,2,91,184,5000,1281020271428.6606
invscaling,2,91,184,5000,9.40648398158434
constant,2,92,185,5000,9.34563936546075
optimal,2,92,185,5000,484216145624.8932
invscaling,2,92,185,5000,9.234000358967755
constant,2,93,186,3715,10.014234584848118
optimal,2,93,186,3715,464076967602.61707
invscaling,2,93,186,3715,9.515995781916226
constant,3,1,187,5000,9.654599689987133
optimal,3,1,187,5000,188016932802.7333
invscaling,3,1,187,5000,9.574066016899433
constant,3,2,188,5000,9.826510123532707
optimal,3,2,188,5000,592898397559.6282
invscaling,3,2,188,5000,9.557216908248614
constant,3,3,189,5000,10.336635798106007
optimal,3,3,189,5000,348181621574.9812
invscaling,3,3,189,5000,9.585429887729312
constant,3,4,190,5000,9.882326943881576
optimal,3,4,190,5000,360179134491.89514
invscaling,3,4,190,5000,9.623617195839037
constant,3,5,191,5000,9.542118226297795
optimal,3,5,191,5000,312210600177.5332
invscaling,3,5,191,5000,9.426223186859385
constant,3,6,192,5000,9.97851140904677
optimal,3,6,192,5000,524116274870.59973
invscaling,3,6,192,5000,9.731429973214857
constant,3,7,193,5000,9.895464553433202
optimal,3,7,193,5000,276599745519.10614
invscaling,3,7,193,5000,9.772603586207591
constant,3,8,194,5000,9.569831037832127
optimal,3,8,194,5000,204278153913.9267
invscaling,3,8,194,5000,9.38242561314908
constant,3,9,195,5000,9.689896613686095
optimal,3,9,195,5000,278159545013.42456
invscaling,3,9,195,5000,9.568587407369197
constant,3,10,196,5000,9.745085113430237
optimal,3,10,196,5000,516287609362.66736
invscaling,3,10,196,5000,9.574840345013644
constant,3,11,197,5000,10.040990834125687
optimal,3,11,197,5000,581737138180.372
invscaling,3,11,197,5000,9.682911649938884
constant,3,12,198,5000,10.675097417578208
optimal,3,12,198,5000,475192185716.51654
invscaling,3,12,198,5000,9.454586811730943
constant,3,13,199,5000,9.573540068098648
optimal,3,13,199,5000,582347323506.7192
invscaling,3,13,199,5000,9.385710940123069
constant,3,14,200,5000,9.784770290103815
optimal,3,14,200,5000,296603029392.80554
invscaling,3,14,200,5000,9.554783041013275
constant,3,15,201,5000,9.836775180420432
optimal,3,15,201,5000,295337600241.51776
invscaling,3,15,201,5000,9.7662676044944
constant,3,16,202,5000,9.947238807231825
optimal,3,16,202,5000,107966878466.32741
invscaling,3,16,202,5000,9.685774710054154
constant,3,17,203,5000,10.121907151764097
optimal,3,17,203,5000,335950313658.57355
invscaling,3,17,203,5000,10.000232831692765
constant,3,18,204,5000,10.407738234051898
optimal,3,18,204,5000,312295142089.48303
invscaling,3,18,204,5000,9.69599455935223
constant,3,19,205,5000,10.041208594778222
optimal,3,19,205,5000,365082680369.3404
invscaling,3,19,205,5000,9.634218634537516
constant,3,20,206,5000,10.070391402083269
optimal,3,20,206,5000,485238288573.6987
invscaling,3,20,206,5000,9.672915783008623
constant,3,21,207,5000,9.560949807478917
optimal,3,21,207,5000,487051437349.4237
invscaling,3,21,207,5000,9.466461312320861
constant,3,22,208,5000,9.744091920161955
optimal,3,22,208,5000,345890231424.07153
invscaling,3,22,208,5000,9.432254006252242
constant,3,23,209,5000,9.60291379635641
optimal,3,23,209,5000,472609533931.4532
invscaling,3,23,209,5000,9.269847040674208
constant,3,24,210,5000,9.42805576038416
optimal,3,24,210,5000,329929600482.7749
invscaling,3,24,210,5000,9.334192211476305
constant,3,25,211,5000,9.6594256687086
optimal,3,25,211,5000,356458799709.9772
invscaling,3,25,211,5000,9.504192480737874
constant,3,26,212,5000,9.69597111111981
optimal,3,26,212,5000,313496416255.8103
invscaling,3,26,212,5000,9.509528594973593
constant,3,27,213,5000,9.37892350840492
optimal,3,27,213,5000,204961932099.9857
invscaling,3,27,213,5000,9.13946755921785
constant,3,28,214,5000,9.549790357003396
optimal,3,28,214,5000,342979159773.9064
invscaling,3,28,214,5000,9.411019687090239
constant,3,29,215,5000,9.498237565789877
optimal,3,29,215,5000,179695080609.0862
invscaling,3,29,215,5000,9.399636140801714
constant,3,30,216,5000,9.754342617552519
optimal,3,30,216,5000,105937921657.90887
invscaling,3,30,216,5000,9.537170717843283
constant,3,31,217,5000,9.82734831587509
optimal,3,31,217,5000,270508709666.9798
invscaling,3,31,217,5000,9.704983647401475
constant,3,32,218,5000,9.510692271180755
optimal,3,32,218,5000,168666087450.10587
invscaling,3,32,218,5000,9.263899408737961
constant,3,33,219,5000,9.751747726463876
optimal,3,33,219,5000,125554613315.00848
invscaling,3,33,219,5000,9.65465713621294
constant,3,34,220,5000,9.854264912632997
optimal,3,34,220,5000,262876223114.9736
invscaling,3,34,220,5000,9.54531737929155
constant,3,35,221,5000,9.393661353533862
optimal,3,35,221,5000,147521939380.63388
invscaling,3,35,221,5000,9.29849211757372
constant,3,36,222,5000,9.365769036908139
optimal,3,36,222,5000,17783570927.98408
invscaling,3,36,222,5000,9.308616894146978
constant,3,37,223,5000,9.60173784300862
optimal,3,37,223,5000,284960596166.09247
invscaling,3,37,223,5000,9.493347168032052
constant,3,38,224,5000,9.702086559251642
optimal,3,38,224,5000,235365512002.46533
invscaling,3,38,224,5000,9.47858268450235
constant,3,39,225,5000,9.649949213516352
optimal,3,39,225,5000,661948890996.7509
invscaling,3,39,225,5000,9.351836643520162
constant,3,40,226,5000,9.759739043496484
optimal,3,40,226,5000,239296352161.0784
invscaling,3,40,226,5000,9.601478267142863
constant,3,41,227,5000,9.772354428081513
optimal,3,41,227,5000,123165466551.8552
invscaling,3,41,227,5000,9.542011000799489
constant,3,42,228,5000,9.419590807761734
optimal,3,42,228,5000,2187303465297.0845
invscaling,3,42,228,5000,9.337322906978628
constant,3,43,229,5000,9.623866419584067
optimal,3,43,229,5000,355454889392.45984
invscaling,3,43,229,5000,9.534580635789927
constant,3,44,230,5000,9.363731116396043
optimal,3,44,230,5000,88509863836.0352
invscaling,3,44,230,5000,9.337347828968069
constant,3,45,231,5000,9.872482151915122
optimal,3,45,231,5000,342076533597.78925
invscaling,3,45,231,5000,9.710943256444382
constant,3,46,232,5000,9.61471709529161
optimal,3,46,232,5000,201724382503.27798
invscaling,3,46,232,5000,9.575696975051795
constant,3,47,233,5000,9.79986909462031
optimal,3,47,233,5000,291420567437.1365
invscaling,3,47,233,5000,9.491907917805674
constant,3,48,234,5000,17.465160238434866
optimal,3,48,234,5000,189624584569.8853
invscaling,3,48,234,5000,9.902529144595833
constant,3,49,235,5000,9.78025542314684
optimal,3,49,235,5000,211978448982.18027
invscaling,3,49,235,5000,9.75020478406159
constant,3,50,236,5000,9.822925035625042
optimal,3,50,236,5000,122375123953.11945
invscaling,3,50,236,5000,9.678525118686213
constant,3,51,237,5000,9.519297071337244
optimal,3,51,237,5000,109048706380.7821
invscaling,3,51,237,5000,9.383446516277262
constant,3,52,238,5000,9.59174537399393
optimal,3,52,238,5000,80458322878.68436
invscaling,3,52,238,5000,9.532639528545927
constant,3,53,239,5000,9.768523282065505
optimal,3,53,239,5000,177504566342.5613
invscaling,3,53,239,5000,9.630417864123123
constant,3,54,240,5000,9.803141169659344
optimal,3,54,240,5000,164638821556.26785
invscaling,3,54,240,5000,9.69697778889919
constant,3,55,241,5000,9.66017188055329
optimal,3,55,241,5000,184963496117.05008
invscaling,3,55,241,5000,9.47399435398898
constant,3,56,242,5000,10.84113480053377
optimal,3,56,242,5000,271165804300.00772
invscaling,3,56,242,5000,9.526537063251308
constant,3,57,243,5000,9.805939128730412
optimal,3,57,243,5000,208493793139.64972
invscaling,3,57,243,5000,9.680121592373494
constant,3,58,244,5000,9.834937019673523
optimal,3,58,244,5000,132564578296.7396
invscaling,3,58,244,5000,9.703611466776378
constant,3,59,245,5000,9.78457102507886
optimal,3,59,245,5000,200709017820.10358
invscaling,3,59,245,5000,9.493218636785162
constant,3,60,246,5000,9.893894696058437
optimal,3,60,246,5000,146273214867.68835
invscaling,3,60,246,5000,9.795498368191241
constant,3,61,247,5000,9.332244296627284
optimal,3,61,247,5000,365165633740.3701
invscaling,3,61,247,5000,9.19609460663559
constant,3,62,248,5000,9.734113300217498
optimal,3,62,248,5000,112837958630.58713
invscaling,3,62,248,5000,9.634390659906554
constant,3,63,249,5000,9.692238967800087
optimal,3,63,249,5000,196663521334.52524
invscaling,3,63,249,5000,9.548244759279273
constant,3,64,250,5000,9.710160604412645
optimal,3,64,250,5000,30836635702.02853
invscaling,3,64,250,5000,9.697844321442867
constant,3,65,251,5000,9.797671183602407
optimal,3,65,251,5000,167902018119.85733
invscaling,3,65,251,5000,9.565481474418577
constant,3,66,252,5000,9.942082235904056
optimal,3,66,252,5000,85219860682.0023
invscaling,3,66,252,5000,9.771690182247237
constant,3,67,253,5000,9.647749603290844
optimal,3,67,253,5000,203556399062.75314
invscaling,3,67,253,5000,9.430766596627054
constant,3,68,254,5000,9.79393362379234
optimal,3,68,254,5000,168849543211.65033
invscaling,3,68,254,5000,9.589571484352264
constant,3,69,255,5000,9.573246415747342
optimal,3,69,255,5000,367720853634.1335
invscaling,3,69,255,5000,9.371040068086446
constant,3,70,256,5000,9.504652992131897
optimal,3,70,256,5000,180755805978.73404
invscaling,3,70,256,5000,9.433580128341577
constant,3,71,257,5000,9.741729817842346
optimal,3,71,257,5000,33511811259.18797
invscaling,3,71,257,5000,9.63362891362913
constant,3,72,258,5000,9.6601549747447
optimal,3,72,258,5000,34661406798.03089
invscaling,3,72,258,5000,9.382625248223503
constant,3,73,259,5000,9.822705481705546
optimal,3,73,259,5000,140488420718.32147
invscaling,3,73,259,5000,9.714483676760157
constant,3,74,260,5000,9.77607745680365
optimal,3,74,260,5000,21530416384.96509
invscaling,3,74,260,5000,9.540757381200551
constant,3,75,261,5000,9.591197102936617
optimal,3,75,261,5000,36188036067.64391
invscaling,3,75,261,5000,9.462189278498345
constant,3,76,262,5000,9.23737633948995
optimal,3,76,262,5000,15541837276.671394
invscaling,3,76,262,5000,9.191090803311827
constant,3,77,263,5000,9.459544308957096
optimal,3,77,263,5000,29426453019.3206
invscaling,3,77,263,5000,9.36006178794032
constant,3,78,264,5000,9.415987044616221
optimal,3,78,264,5000,56455709030.766235
invscaling,3,78,264,5000,9.270648322860412
constant,3,79,265,5000,9.619058543374392
optimal,3,79,265,5000,18353547657.380672
invscaling,3,79,265,5000,9.550040515862385
constant,3,80,266,5000,9.508285583874875
optimal,3,80,266,5000,323405372013.19507
invscaling,3,80,266,5000,9.415561051455045
constant,3,81,267,5000,9.878429448376098
optimal,3,81,267,5000,15527666021.382607
invscaling,3,81,267,5000,9.625105331945461
constant,3,82,268,5000,9.496744346144908
optimal,3,82,268,5000,126047312932.50616
invscaling,3,82,268,5000,9.385088895854595
constant,3,83,269,5000,9.641822311110785
optimal,3,83,269,5000,17046327438.841604
invscaling,3,83,269,5000,9.476746483822442
constant,3,84,270,5000,10.544781703571681
optimal,3,84,270,5000,19850309672.568893
invscaling,3,84,270,5000,9.310646655513715
constant,3,85,271,5000,10.269516636637542
optimal,3,85,271,5000,287501249072.36163
invscaling,3,85,271,5000,9.64846559594004
constant,3,86,272,5000,9.760570900025662
optimal,3,86,272,5000,17775831759.8378
invscaling,3,86,272,5000,9.637030818162204
constant,3,87,273,5000,9.929672119740069
optimal,3,87,273,5000,1451722010.7272599
invscaling,3,87,273,5000,9.841839806498738
constant,3,88,274,5000,9.560254203128807
optimal,3,88,274,5000,162029780.6231741
invscaling,3,88,274,5000,9.476905253926873
constant,3,89,275,5000,9.75012830011478
optimal,3,89,275,5000,35256008.929901995
invscaling,3,89,275,5000,9.440177541446722
constant,3,90,276,5000,18.637424623317393
optimal,3,90,276,5000,2115675075.9393032
invscaling,3,90,276,5000,9.292874876906746
constant,3,91,277,5000,9.657239627424563
optimal,3,91,277,5000,285794918.05640185
invscaling,3,91,277,5000,9.56418996071775
constant,3,92,278,5000,9.843683117025229
optimal,3,92,278,5000,311740853283.88776
invscaling,3,92,278,5000,9.67972806466409
constant,3,93,279,3715,9.997826956523294
optimal,3,93,279,3715,21159380743.668297
invscaling,3,93,279,3715,9.749739177631996
