epoch,chunk_in_epoch,global_chunk,n_songs,train_chunk_rmse_years
1,1,1,5000,60.1153005701937
1,2,2,5000,17.309420774006384
1,3,3,5000,12.213787731952452
1,4,4,5000,11.137772376281665
1,5,5,5000,10.438414445588487
1,6,6,5000,9.749942160437906
1,7,7,5000,9.753449869537317
1,8,8,5000,9.86298203651783
1,9,9,5000,9.821699727116362
1,10,10,5000,9.704315405695363
1,11,11,5000,9.952343430538416
1,12,12,5000,9.437452699114433
1,13,13,5000,9.733489919140226
1,14,14,5000,9.655242379698597
1,15,15,5000,9.21390054920659
1,16,16,5000,9.300853345698638
1,17,17,5000,9.695579975881294
1,18,18,5000,9.833079941904113
1,19,19,5000,9.618113269881546
1,20,20,5000,9.952957821456314
1,21,21,5000,9.877839837130114
1,22,22,5000,9.875435626269114
1,23,23,5000,9.600635775297002
1,24,24,5000,9.379247863869681
1,25,25,5000,9.682691676001346
1,26,26,5000,10.072141611448993
1,27,27,5000,9.51578800405676
1,28,28,5000,9.918590945371417
1,29,29,5000,9.601315164172739
1,30,30,5000,9.73953288959346
1,31,31,5000,9.619642886218886
1,32,32,5000,10.005177523139134
1,33,33,5000,9.636778573676903
1,34,34,5000,9.891243399741425
1,35,35,5000,9.706372965380398
1,36,36,5000,9.499425801633384
1,37,37,5000,9.814831589328914
1,38,38,5000,9.85690139096719
1,39,39,5000,9.211129644775811
1,40,40,5000,9.545555390168149
1,41,41,5000,10.024938889339605
1,42,42,5000,9.245727698109919
1,43,43,5000,9.557167686941495
1,44,44,5000,9.762191580968482
1,45,45,5000,9.60620622112569
1,46,46,5000,9.60111473723627
1,47,47,5000,9.814241212048454
1,48,48,5000,9.611907099116788
1,49,49,5000,10.195909566429128
1,50,50,5000,9.949353930475791
1,51,51,5000,9.434675188194085
1,52,52,5000,9.946943917275942
1,53,53,5000,9.760129839215924
1,54,54,5000,9.772633599486449
1,55,55,5000,9.850831436898853
1,56,56,5000,9.6203004171081
1,57,57,5000,9.746583294915906
1,58,58,5000,10.723153017515777
1,59,59,5000,9.66725094244239
1,60,60,5000,9.591662520338618
1,61,61,5000,9.866806257541246
1,62,62,5000,9.594216175179621
1,63,63,5000,9.871949794011911
1,64,64,5000,9.844207410831245
1,65,65,5000,14.277061684704911
1,66,66,5000,9.883140876867431
1,67,67,5000,9.637540613453012
1,68,68,5000,9.806816456937005
1,69,69,5000,14.066396134119966
1,70,70,5000,10.416420547588558
1,71,71,5000,9.767941742376893
1,72,72,5000,9.815201805223484
1,73,73,5000,9.55165164086588
1,74,74,5000,9.549593264560052
1,75,75,5000,9.77505768141592
1,76,76,5000,9.652967649214746
1,77,77,5000,9.70502923510903
1,78,78,5000,9.54410864378584
1,79,79,5000,9.5461140083792
1,80,80,5000,9.791917027373323
1,81,81,5000,9.75281352803123
1,82,82,5000,9.49830579539541
1,83,83,5000,9.763456043661188
1,84,84,5000,9.656679356598506
1,85,85,5000,10.038245264533481
1,86,86,5000,10.988224921218828
1,87,87,5000,9.395605561209047
1,88,88,5000,10.228701011466296
1,89,89,5000,9.921355924705988
1,90,90,5000,10.214824671971723
1,91,91,5000,9.502837507994874
1,92,92,5000,9.733214084523537
1,93,93,3715,9.878716369519548
2,1,94,5000,9.893804540324181
2,2,95,5000,9.414823414290739
2,3,96,5000,9.661263555488429
2,4,97,5000,9.7467379591242
2,5,98,5000,9.937965255494111
2,6,99,5000,9.561909306800409
2,7,100,5000,9.836221620427143
2,8,101,5000,9.64709997770746
2,9,102,5000,9.529328489779557
2,10,103,5000,9.7162238678695
2,11,104,5000,9.734288507162146
2,12,105,5000,10.132150440759723
2,13,106,5000,9.704671905473687
2,14,107,5000,9.700216023207485
2,15,108,5000,10.487356886263264
2,16,109,5000,9.652713668146825
2,17,110,5000,9.717811753344481
2,18,111,5000,10.012903673153096
2,19,112,5000,9.514431203439566
2,20,113,5000,9.483782622112967
2,21,114,5000,9.545668503526128
2,22,115,5000,9.630422040139331
2,23,116,5000,9.736649357592297
2,24,117,5000,10.15611158241151
2,25,118,5000,9.568147691107718
2,26,119,5000,9.743378558556595
2,27,120,5000,9.584660269550936
2,28,121,5000,9.896721196746313
2,29,122,5000,11.556878200902544
2,30,123,5000,9.608456481398305
2,31,124,5000,9.449735131091755
2,32,125,5000,9.813114161198609
2,33,126,5000,9.469542298491886
2,34,127,5000,9.871661131586151
2,35,128,5000,10.147468094943122
2,36,129,5000,9.550513536717549
2,37,130,5000,9.849426310949573
2,38,131,5000,9.738980045926612
2,39,132,5000,9.527148956447936
2,40,133,5000,9.496999563041554
2,41,134,5000,9.506803266380516
2,42,135,5000,9.861567190799526
2,43,136,5000,9.704101407810304
2,44,137,5000,9.71184433041424
2,45,138,5000,9.736177597449299
2,46,139,5000,9.984854311744481
2,47,140,5000,9.72658218327218
2,48,141,5000,9.892101062127884
2,49,142,5000,9.73108264678519
2,50,143,5000,9.883779891505798
2,51,144,5000,9.500144742013944
2,52,145,5000,9.456807386888055
2,53,146,5000,9.682843900814197
2,54,147,5000,9.505723338036871
2,55,148,5000,10.149030497593433
2,56,149,5000,9.478443841383754
2,57,150,5000,9.495125810699099
2,58,151,5000,9.578493261063752
2,59,152,5000,9.989307870355773
2,60,153,5000,9.71495823553099
2,61,154,5000,10.094568514441038
2,62,155,5000,9.61275210052747
2,63,156,5000,9.913656421149463
2,64,157,5000,9.682658021235266
2,65,158,5000,9.626363706612151
2,66,159,5000,11.973566665068487
2,67,160,5000,9.825557112669646
2,68,161,5000,9.840712262293449
2,69,162,5000,9.928223808877274
2,70,163,5000,9.555251165208572
2,71,164,5000,9.454770190260914
2,72,165,5000,9.766208113437488
2,73,166,5000,9.397122470459568
2,74,167,5000,9.645366969588949
2,75,168,5000,9.752587872626894
2,76,169,5000,10.833562309666322
2,77,170,5000,9.46308753722638
2,78,171,5000,9.749019529668866
2,79,172,5000,9.741014318634694
2,80,173,5000,9.680073024816368
2,81,174,5000,9.903036517837357
2,82,175,5000,9.722394116363288
2,83,176,5000,9.649932267643527
2,84,177,5000,9.790409861980478
2,85,178,5000,9.791699554150412
2,86,179,5000,10.266077121760048
2,87,180,5000,10.258567001162259
2,88,181,5000,9.39872060255763
2,89,182,5000,9.62430790762875
2,90,183,5000,9.623099086520847
2,91,184,5000,9.83333067051304
2,92,185,5000,9.34563936546075
2,93,186,3715,10.014234584848118
3,1,187,5000,9.654599689987133
3,2,188,5000,9.826510123532707
3,3,189,5000,10.336635798106007
3,4,190,5000,9.882326943881576
3,5,191,5000,9.542118226297795
3,6,192,5000,9.97851140904677
3,7,193,5000,9.895464553433202
3,8,194,5000,9.569831037832127
3,9,195,5000,9.689896613686095
3,10,196,5000,9.745085113430237
3,11,197,5000,10.040990834125687
3,12,198,5000,10.675097417578208
3,13,199,5000,9.573540068098648
3,14,200,5000,9.784770290103815
3,15,201,5000,9.836775180420432
3,16,202,5000,9.947238807231825
3,17,203,5000,10.121907151764097
3,18,204,5000,10.407738234051898
3,19,205,5000,10.041208594778222
3,20,206,5000,10.070391402083269
3,21,207,5000,9.560949807478917
3,22,208,5000,9.744091920161955
3,23,209,5000,9.60291379635641
3,24,210,5000,9.42805576038416
3,25,211,5000,9.6594256687086
3,26,212,5000,9.69597111111981
3,27,213,5000,9.37892350840492
3,28,214,5000,9.549790357003396
3,29,215,5000,9.498237565789877
3,30,216,5000,9.754342617552519
3,31,217,5000,9.82734831587509
3,32,218,5000,9.510692271180755
3,33,219,5000,9.751747726463876
3,34,220,5000,9.854264912632997
3,35,221,5000,9.393661353533862
3,36,222,5000,9.365769036908139
3,37,223,5000,9.60173784300862
3,38,224,5000,9.702086559251642
3,39,225,5000,9.649949213516352
3,40,226,5000,9.759739043496484
3,41,227,5000,9.772354428081513
3,42,228,5000,9.419590807761734
3,43,229,5000,9.623866419584067
3,44,230,5000,9.363731116396043
3,45,231,5000,9.872482151915122
3,46,232,5000,9.61471709529161
3,47,233,5000,9.79986909462031
3,48,234,5000,17.465160238434866
3,49,235,5000,9.78025542314684
3,50,236,5000,9.822925035625042
3,51,237,5000,9.519297071337244
3,52,238,5000,9.59174537399393
3,53,239,5000,9.768523282065505
3,54,240,5000,9.803141169659344
3,55,241,5000,9.66017188055329
3,56,242,5000,10.84113480053377
3,57,243,5000,9.805939128730412
3,58,244,5000,9.834937019673523
3,59,245,5000,9.78457102507886
3,60,246,5000,9.893894696058437
3,61,247,5000,9.332244296627284
3,62,248,5000,9.734113300217498
3,63,249,5000,9.692238967800087
3,64,250,5000,9.710160604412645
3,65,251,5000,9.797671183602407
3,66,252,5000,9.942082235904056
3,67,253,5000,9.647749603290844
3,68,254,5000,9.79393362379234
3,69,255,5000,9.573246415747342
3,70,256,5000,9.504652992131897
3,71,257,5000,9.741729817842346
3,72,258,5000,9.6601549747447
3,73,259,5000,9.822705481705546
3,74,260,5000,9.77607745680365
3,75,261,5000,9.591197102936617
3,76,262,5000,9.23737633948995
3,77,263,5000,9.459544308957096
3,78,264,5000,9.415987044616221
3,79,265,5000,9.619058543374392
3,80,266,5000,9.508285583874875
3,81,267,5000,9.878429448376098
3,82,268,5000,9.496744346144908
3,83,269,5000,9.641822311110785
3,84,270,5000,10.544781703571681
3,85,271,5000,10.269516636637542
3,86,272,5000,9.760570900025662
3,87,273,5000,9.929672119740069
3,88,274,5000,9.560254203128807
3,89,275,5000,9.75012830011478
3,90,276,5000,18.637424623317393
3,91,277,5000,9.657239627424563
3,92,278,5000,9.843683117025229
3,93,279,3715,9.997826956523294
4,1,280,5000,9.770208328341656
4,2,281,5000,9.388141032209967
4,3,282,5000,10.070254743484762
4,4,283,5000,9.586124957693288
4,5,284,5000,9.66854743027224
4,6,285,5000,11.067637014417937
4,7,286,5000,9.584008639603509
4,8,287,5000,9.859175638294177
4,9,288,5000,9.48587021773723
4,10,289,5000,9.880827633988751
4,11,290,5000,9.751506708664083
4,12,291,5000,9.665242967468687
4,13,292,5000,9.527975976279576
4,14,293,5000,9.746761553445964
4,15,294,5000,9.835114637319212
4,16,295,5000,9.75927568977639
4,17,296,5000,10.15840338070196
4,18,297,5000,10.08273652624929
4,19,298,5000,9.794083881235084
4,20,299,5000,10.082448788811291
4,21,300,5000,9.946280481877338
4,22,301,5000,9.530733553648131
4,23,302,5000,9.686337781450487
4,24,303,5000,9.797664393041378
4,25,304,5000,9.8653421205429
4,26,305,5000,9.516301279028134
4,27,306,5000,9.213607590180985
4,28,307,5000,9.88153047080044
4,29,308,5000,9.865288123425703
4,30,309,5000,9.545275539458762
4,31,310,5000,9.53347747564335
4,32,311,5000,9.843004810186297
4,33,312,5000,9.556082740895363
4,34,313,5000,9.349483007575708
4,35,314,5000,9.850264452866284
4,36,315,5000,9.494826852066607
4,37,316,5000,9.8861159981546
4,38,317,5000,9.517611354560188
4,39,318,5000,9.290868561356218
4,40,319,5000,9.566433190299737
4,41,320,5000,10.259236883873847
4,42,321,5000,9.877899781372312
4,43,322,5000,9.956203909759829
4,44,323,5000,9.54042825652766
4,45,324,5000,9.575639038415325
4,46,325,5000,9.695587324588804
4,47,326,5000,9.67216390185305
4,48,327,5000,9.673135077972063
4,49,328,5000,9.78394990940173
4,50,329,5000,9.46910511269187
4,51,330,5000,9.766417556123493
4,52,331,5000,9.553254089231414
4,53,332,5000,9.916505531699036
4,54,333,5000,10.053250252743632
4,55,334,5000,9.509177518530443
4,56,335,5000,10.062110351198697
4,57,336,5000,9.591019785809507
4,58,337,5000,9.50631442956406
4,59,338,5000,10.140767155853933
4,60,339,5000,9.977879864267758
4,61,340,5000,9.794887108121014
4,62,341,5000,10.048798422817752
4,63,342,5000,9.784750537953126
4,64,343,5000,9.392554803588263
4,65,344,5000,9.76600193937155
4,66,345,5000,9.848414836476657
4,67,346,5000,9.625128706552722
4,68,347,5000,11.40271453206775
4,69,348,5000,9.99692807315731
4,70,349,5000,9.783196851843016
4,71,350,5000,9.662297554112516
4,72,351,5000,9.894562832700926
4,73,352,5000,9.716670020039986
4,74,353,5000,9.797647013413275
4,75,354,5000,9.402382544738735
4,76,355,5000,9.654915211516437
4,77,356,5000,9.571290697006999
4,78,357,5000,9.82236552427822
4,79,358,5000,10.200184216100324
4,80,359,5000,9.45768729190789
4,81,360,5000,19.587069402859196
4,82,361,5000,9.782919550017983
4,83,362,5000,9.814971130552298
4,84,363,5000,9.688418564131217
4,85,364,5000,9.523443733139734
4,86,365,5000,9.538974704523152
4,87,366,5000,11.695741719995077
4,88,367,5000,10.59209003010095
4,89,368,5000,9.811325589890808
4,90,369,5000,9.667076244014332
4,91,370,5000,9.714924734524592
4,92,371,5000,9.850704686568852
4,93,372,3715,9.850813061298851
5,1,373,5000,9.754528016422638
5,2,374,5000,9.814138697427
5,3,375,5000,9.476316606328968
5,4,376,5000,9.548186394475657
5,5,377,5000,10.146396951490587
5,6,378,5000,9.516132612141817
5,7,379,5000,9.724674829737456
5,8,380,5000,9.928010217143141
5,9,381,5000,10.463925796847025
5,10,382,5000,9.324337415508184
5,11,383,5000,10.06314681039142
5,12,384,5000,9.407534583288916
5,13,385,5000,9.760667995432442
5,14,386,5000,10.277772529327086
5,15,387,5000,9.65426262331457
5,16,388,5000,9.515307165623009
5,17,389,5000,9.640817660834491
5,18,390,5000,9.449551295393837
5,19,391,5000,9.645794799259106
5,20,392,5000,9.76524040965845
5,21,393,5000,9.973643538977964
5,22,394,5000,10.316187580158013
5,23,395,5000,9.9939928007757
5,24,396,5000,10.018861984694775
5,25,397,5000,10.009988580502773
5,26,398,5000,9.629422989449694
5,27,399,5000,9.649784264798509
5,28,400,5000,9.553957932144062
5,29,401,5000,9.776723570613562
5,30,402,5000,9.546262065475569
5,31,403,5000,9.6649551289732
5,32,404,5000,9.881989472329094
5,33,405,5000,9.92569384751733
5,34,406,5000,9.380937102195654
5,35,407,5000,9.786410512040069
5,36,408,5000,9.804714309121767
5,37,409,5000,9.747649734463403
5,38,410,5000,9.52837952448617
5,39,411,5000,9.497809391492538
5,40,412,5000,9.737573559546076
5,41,413,5000,9.548111534155968
5,42,414,5000,9.780769061705591
5,43,415,5000,9.421671389702555
5,44,416,5000,9.93458039284859
5,45,417,5000,9.826534631551837
5,46,418,5000,9.51353995427508
5,47,419,5000,9.823360555914876
5,48,420,5000,9.33711853965325
5,49,421,5000,9.707957844243762
5,50,422,5000,9.715413985483444
5,51,423,5000,9.732902987294265
5,52,424,5000,9.723297925593748
5,53,425,5000,9.470037775316039
5,54,426,5000,9.75435924709944
5,55,427,5000,9.535862156621592
5,56,428,5000,9.886947099887683
5,57,429,5000,9.733868073749138
5,58,430,5000,9.620404842882117
5,59,431,5000,9.552047524504173
5,60,432,5000,9.881776105636527
5,61,433,5000,10.261145781711775
5,62,434,5000,9.804277917547092
5,63,435,5000,9.78604539325438
5,64,436,5000,9.564882968945424
5,65,437,5000,9.306791981412315
5,66,438,5000,9.791019752450158
5,67,439,5000,9.62168185081747
5,68,440,5000,9.606209178292508
5,69,441,5000,9.972119556282227
5,70,442,5000,9.418098900549351
5,71,443,5000,9.480291619294155
5,72,444,5000,9.55760689085146
5,73,445,5000,9.795354222758426
5,74,446,5000,9.649981899311182
5,75,447,5000,9.53622527354799
5,76,448,5000,9.564770293417478
5,77,449,5000,9.545434278725168
5,78,450,5000,9.620033708704604
5,79,451,5000,9.72582691746679
5,80,452,5000,10.035794351651619
5,81,453,5000,9.739987875264106
5,82,454,5000,9.833301410225786
5,83,455,5000,9.660171284376897
5,84,456,5000,10.410075966650354
5,85,457,5000,9.726111661431375
5,86,458,5000,9.826531177934648
5,87,459,5000,9.608045063181667
5,88,460,5000,9.627190415330368
5,89,461,5000,9.82177610198884
5,90,462,5000,9.525088567567495
5,91,463,5000,9.434133490283878
5,92,464,5000,10.110155902758928
5,93,465,3715,9.76298698274764
6,1,466,5000,10.445878319065796
6,2,467,5000,9.722941304184411
6,3,468,5000,9.841822208287152
6,4,469,5000,10.137998139787236
6,5,470,5000,9.64429837325208
6,6,471,5000,9.924534461158586
6,7,472,5000,9.854924459043417
6,8,473,5000,12.995913974788275
6,9,474,5000,9.725817474707805
6,10,475,5000,9.741590053806922
6,11,476,5000,9.972775911328021
6,12,477,5000,9.468794854866912
6,13,478,5000,9.377797325343487
6,14,479,5000,9.536297038907145
6,15,480,5000,9.966456753784387
6,16,481,5000,9.56958696804825
6,17,482,5000,9.822284421968085
6,18,483,5000,9.936096913961817
6,19,484,5000,9.456150783839126
6,20,485,5000,9.595082136507173
6,21,486,5000,9.693780401844583
6,22,487,5000,10.452845043121089
6,23,488,5000,9.677168869748145
6,24,489,5000,9.809180059813473
6,25,490,5000,9.784468219733974
6,26,491,5000,10.2942120169781
6,27,492,5000,9.648998182994088
6,28,493,5000,9.55629944835776
6,29,494,5000,9.700082165799598
6,30,495,5000,10.048894296686393
6,31,496,5000,9.663489295024943
6,32,497,5000,9.756256719405219
6,33,498,5000,9.401643880007942
6,34,499,5000,9.805378909536287
6,35,500,5000,9.706817062879843
6,36,501,5000,9.717342159491578
6,37,502,5000,9.794217567498348
6,38,503,5000,9.46750377944848
6,39,504,5000,9.58654036586149
6,40,505,5000,9.919379880844122
6,41,506,5000,9.534328106942123
6,42,507,5000,9.709861380418673
6,43,508,5000,9.417706415977714
6,44,509,5000,9.469686158650541
6,45,510,5000,9.841479265089166
6,46,511,5000,9.595063536211802
6,47,512,5000,9.891069848820042
6,48,513,5000,9.706458524935703
6,49,514,5000,9.847982435630435
6,50,515,5000,9.693754019433042
6,51,516,5000,9.816079813438849
6,52,517,5000,9.688465511090447
6,53,518,5000,9.618757294786706
6,54,519,5000,9.58929423605351
6,55,520,5000,9.741288688453494
6,56,521,5000,9.395344174827772
6,57,522,5000,9.551391356637456
6,58,523,5000,9.7311009253212
6,59,524,5000,9.42973203506473
6,60,525,5000,9.675262898855754
6,61,526,5000,9.470459397010002
6,62,527,5000,9.620542823117933
6,63,528,5000,9.797403699872438
6,64,529,5000,9.691947699385409
6,65,530,5000,9.883101829733814
6,66,531,5000,9.781065612433032
6,67,532,5000,9.793439101697654
6,68,533,5000,9.805911165013674
6,69,534,5000,9.972555982221762
6,70,535,5000,9.648031727733562
6,71,536,5000,9.414713190367072
6,72,537,5000,9.599063187739702
6,73,538,5000,9.774456379481016
6,74,539,5000,9.694754384433637
6,75,540,5000,9.32530600707389
6,76,541,5000,9.99944916353046
6,77,542,5000,13.855313353699891
6,78,543,5000,9.605673236430764
6,79,544,5000,9.432782542361045
6,80,545,5000,10.211395462124823
6,81,546,5000,9.68133620167022
6,82,547,5000,9.424430938396393
6,83,548,5000,9.725921666863213
6,84,549,5000,10.137420993778417
6,85,550,5000,9.599351940741387
6,86,551,5000,9.428262792332166
6,87,552,5000,9.56779536635843
6,88,553,5000,9.603825890394491
6,89,554,5000,9.641188844226305
6,90,555,5000,10.203541130058152
6,91,556,5000,9.687675978517113
6,92,557,5000,10.011726610790612
6,93,558,3715,10.201647720632772
7,1,559,5000,9.781596595598744
7,2,560,5000,9.828982668003572
7,3,561,5000,9.292957969678639
7,4,562,5000,9.901355156093715
7,5,563,5000,9.545830547454322
7,6,564,5000,9.958761958308942
7,7,565,5000,9.785739297281431
7,8,566,5000,9.634178269607746
7,9,567,5000,10.157852042016506
7,10,568,5000,9.783722378986546
7,11,569,5000,9.593106609719182
7,12,570,5000,9.77635018711332
7,13,571,5000,10.349394216009415
7,14,572,5000,9.666484986473417
7,15,573,5000,9.713211936689842
7,16,574,5000,9.25514121191717
7,17,575,5000,9.723697204549705
7,18,576,5000,15.038064116032844
7,19,577,5000,9.598572917589056
7,20,578,5000,9.74840874466595
7,21,579,5000,9.73185640939855
7,22,580,5000,9.765902073507444
7,23,581,5000,10.094181327134113
7,24,582,5000,9.898358378856212
7,25,583,5000,9.91186987343284
7,26,584,5000,9.899021713918675
7,27,585,5000,9.57059104947624
7,28,586,5000,9.847012546774486
7,29,587,5000,9.342695723685518
7,30,588,5000,9.766581958292981
7,31,589,5000,9.67816139933147
7,32,590,5000,9.576637581779888
7,33,591,5000,9.457275818593548
7,34,592,5000,10.020812461378194
7,35,593,5000,9.885516330914177
7,36,594,5000,10.005783625111208
7,37,595,5000,9.593032186671008
7,38,596,5000,10.096782510597667
7,39,597,5000,9.623752664926382
7,40,598,5000,9.323502934414279
7,41,599,5000,9.83908585420568
7,42,600,5000,9.887021610002494
7,43,601,5000,9.421489830403436
7,44,602,5000,10.181693603343543
7,45,603,5000,9.567906997257776
7,46,604,5000,9.935514982334233
7,47,605,5000,9.984764295091292
7,48,606,5000,9.718308388573595
7,49,607,5000,9.441048904530035
7,50,608,5000,9.664697854518227
7,51,609,5000,9.332481280802876
7,52,610,5000,9.689298008364782
7,53,611,5000,9.605024342175543
7,54,612,5000,9.862357126446073
7,55,613,5000,9.672043541170092
7,56,614,5000,9.1815014272962
7,57,615,5000,9.710642987378314
7,58,616,5000,9.660122348533312
7,59,617,5000,9.870827275332958
7,60,618,5000,9.7103539998887
7,61,619,5000,9.971041827706136
7,62,620,5000,9.798005110833735
7,63,621,5000,9.338020386927624
7,64,622,5000,9.7920853070845
7,65,623,5000,9.83613584502439
7,66,624,5000,9.784327663283998
7,67,625,5000,9.68791641401541
7,68,626,5000,9.706233088579992
7,69,627,5000,9.764167104707761
7,70,628,5000,9.48174000172996
7,71,629,5000,10.002064634653768
7,72,630,5000,9.746369919546284
7,73,631,5000,9.416876469731648
7,74,632,5000,9.79693507365942
7,75,633,5000,10.202069311654842
7,76,634,5000,9.543497403822176
7,77,635,5000,9.500583991214633
7,78,636,5000,9.762164148870802
7,79,637,5000,9.60907277552094
7,80,638,5000,9.729428301222931
7,81,639,5000,9.710031211884168
7,82,640,5000,9.606376381744248
7,83,641,5000,9.582153676957113
7,84,642,5000,10.190823999642054
7,85,643,5000,10.0501594143634
7,86,644,5000,9.544896022810926
7,87,645,5000,10.119220332785547
7,88,646,5000,9.417650927175114
7,89,647,5000,9.94154184835337
7,90,648,5000,9.766822116075984
7,91,649,5000,9.617664915846003
7,92,650,5000,9.459186126124166
7,93,651,3715,10.214354811638579
8,1,652,5000,9.582521041578142
8,2,653,5000,9.68429997682694
8,3,654,5000,10.533305917570457
8,4,655,5000,9.541242486034697
8,5,656,5000,9.562639368454038
8,6,657,5000,9.431441853930012
8,7,658,5000,9.886153846343966
8,8,659,5000,9.556921204668589
8,9,660,5000,11.826253582897301
8,10,661,5000,9.94268480453622
8,11,662,5000,9.63365554285033
8,12,663,5000,9.939612186320533
8,13,664,5000,9.900293020040005
8,14,665,5000,9.72424354593514
8,15,666,5000,9.634672538090232
8,16,667,5000,10.045174562838078
8,17,668,5000,9.481311168267325
8,18,669,5000,9.72443644776165
8,19,670,5000,10.428730569282886
8,20,671,5000,9.614692824063004
8,21,672,5000,10.68844486616593
8,22,673,5000,9.604712701967454
8,23,674,5000,9.71076764003044
8,24,675,5000,9.78319112861214
8,25,676,5000,9.99869471964941
8,26,677,5000,9.803070002969204
8,27,678,5000,9.551019145828151
8,28,679,5000,9.94824439281044
8,29,680,5000,10.282713896375581
8,30,681,5000,9.732259498486002
8,31,682,5000,9.263458201610723
8,32,683,5000,9.918306979367735
8,33,684,5000,9.889094407556877
8,34,685,5000,9.654695943460155
8,35,686,5000,9.579942105123838
8,36,687,5000,10.085350377192471
8,37,688,5000,9.693185917982001
8,38,689,5000,9.65783635577876
8,39,690,5000,9.480275718453488
8,40,691,5000,9.688731510162755
8,41,692,5000,9.842225589316966
8,42,693,5000,9.525048911357974
8,43,694,5000,10.315866328890698
8,44,695,5000,9.849498567478788
8,45,696,5000,9.90344376731552
8,46,697,5000,9.71792541203241
8,47,698,5000,9.788888824556501
8,48,699,5000,9.56661614529284
8,49,700,5000,9.89185733076627
8,50,701,5000,9.29886514373172
8,51,702,5000,9.457999416544803
8,52,703,5000,9.850778812431097
8,53,704,5000,9.728855366525146
8,54,705,5000,9.754891155478065
8,55,706,5000,9.573080330601256
8,56,707,5000,9.451877546263013
8,57,708,5000,9.821637330603863
8,58,709,5000,9.990865265087676
8,59,710,5000,9.498769648602819
8,60,711,5000,9.697933085084879
8,61,712,5000,9.513042185229697
8,62,713,5000,9.487623493423438
8,63,714,5000,9.545224959860217
8,64,715,5000,10.21520725006137
8,65,716,5000,9.614688278810366
8,66,717,5000,9.63971283904022
8,67,718,5000,10.986283346439414
8,68,719,5000,9.59998199179528
8,69,720,5000,9.476536791261777
8,70,721,5000,9.438014281032174
8,71,722,5000,9.709580141703434
8,72,723,5000,9.691753623448347
8,73,724,5000,9.913389157234116
8,74,725,5000,9.587887957280895
8,75,726,5000,9.561751475142724
8,76,727,5000,9.990512145208939
8,77,728,5000,9.817621962955657
8,78,729,5000,9.611776694765958
8,79,730,5000,10.280967104883619
8,80,731,5000,9.607624952899378
8,81,732,5000,9.773676320598103
8,82,733,5000,9.756685088537619
8,83,734,5000,9.812474168233305
8,84,735,5000,9.631901781415273
8,85,736,5000,9.907140108158098
8,86,737,5000,9.615807989142992
8,87,738,5000,9.8219451468903
8,88,739,5000,9.777680333057738
8,89,740,5000,9.757203101546647
8,90,741,5000,9.916123744012324
8,91,742,5000,9.77950675620603
8,92,743,5000,10.27413807547799
8,93,744,3715,9.657202412564676
9,1,745,5000,9.872071102428963
9,2,746,5000,10.117841452889978
9,3,747,5000,9.842394181486817
9,4,748,5000,9.89641033630262
9,5,749,5000,9.592244751684861
9,6,750,5000,9.905791074218218
9,7,751,5000,9.464265354427132
9,8,752,5000,10.416800610517459
9,9,753,5000,9.664284376641584
9,10,754,5000,9.79067692634193
9,11,755,5000,10.122269327327176
9,12,756,5000,9.851903936672969
9,13,757,5000,9.149367428972157
9,14,758,5000,10.117988132277356
9,15,759,5000,9.650366594326671
9,16,760,5000,10.30466017705177
9,17,761,5000,9.967112009722632
9,18,762,5000,9.642214748995086
9,19,763,5000,9.608923871949358
9,20,764,5000,9.953722899010772
9,21,765,5000,9.849807824754945
9,22,766,5000,9.650693566569737
9,23,767,5000,9.371362081475553
9,24,768,5000,9.572484083814679
9,25,769,5000,10.417859230746997
9,26,770,5000,9.998828977125166
9,27,771,5000,9.498560922741174
9,28,772,5000,9.884626569021222
9,29,773,5000,9.818675650067235
9,30,774,5000,9.673688039728
9,31,775,5000,9.860412393641717
9,32,776,5000,9.401750762535261
9,33,777,5000,9.549356338356564
9,34,778,5000,10.06908067947139
9,35,779,5000,9.928993572821986
9,36,780,5000,9.632906868950771
9,37,781,5000,9.828209731202564
9,38,782,5000,9.737406944536131
9,39,783,5000,9.590837889965684
9,40,784,5000,9.785710949518254
9,41,785,5000,9.749050633017378
9,42,786,5000,9.694763560187022
9,43,787,5000,9.31947973249599
9,44,788,5000,9.879239657117399
9,45,789,5000,9.965928568564093
9,46,790,5000,9.729869565996482
9,47,791,5000,9.726446122724964
9,48,792,5000,9.522031089038107
9,49,793,5000,9.896431416457391
9,50,794,5000,9.919034954511046
9,51,795,5000,9.514523202591768
9,52,796,5000,9.58631953564813
9,53,797,5000,9.574137241578425
9,54,798,5000,9.532276022510075
9,55,799,5000,9.807696063440279
9,56,800,5000,9.846277109222639
9,57,801,5000,9.423296266929324
9,58,802,5000,9.642401693119188
9,59,803,5000,9.489436241921814
9,60,804,5000,9.186695490717948
9,61,805,5000,9.610838362773464
9,62,806,5000,14.614584964020631
9,63,807,5000,9.59474178086327
9,64,808,5000,9.49275521824753
9,65,809,5000,10.452526268241831
9,66,810,5000,9.326873068291881
9,67,811,5000,10.15810466288615
9,68,812,5000,9.475215620798553
9,69,813,5000,9.854630483033574
9,70,814,5000,9.666480059472683
9,71,815,5000,9.528652136376605
9,72,816,5000,9.897663370192156
9,73,817,5000,9.657391861177544
9,74,818,5000,9.812604813823896
9,75,819,5000,9.717387407197858
9,76,820,5000,9.791177844199478
9,77,821,5000,9.725742206386176
9,78,822,5000,9.49676662031117
9,79,823,5000,9.756807755104196
9,80,824,5000,9.35286525922035
9,81,825,5000,9.728552936085238
9,82,826,5000,9.805245260096612
9,83,827,5000,9.71640722522191
9,84,828,5000,9.510722634450337
9,85,829,5000,9.538034098896473
9,86,830,5000,9.954393287529989
9,87,831,5000,9.912627412749615
9,88,832,5000,9.662978073349022
9,89,833,5000,9.729257181203259
9,90,834,5000,9.83446957399441
9,91,835,5000,9.777739086316359
9,92,836,5000,9.589484819726774
9,93,837,3715,9.59655846609991
10,1,838,5000,9.647005617371057
10,2,839,5000,9.868588573014241
10,3,840,5000,9.726346536928002
10,4,841,5000,9.569259242497553
10,5,842,5000,9.516947990146955
10,6,843,5000,9.971460826407004
10,7,844,5000,9.409756178806743
10,8,845,5000,9.962314121607749
10,9,846,5000,9.867530105609141
10,10,847,5000,9.522007164974848
10,11,848,5000,9.817587269513592
10,12,849,5000,9.578715893169202
10,13,850,5000,9.277475938636098
10,14,851,5000,9.688508163433651
10,15,852,5000,10.066036280169453
10,16,853,5000,9.734373511621943
10,17,854,5000,9.736858286863521
10,18,855,5000,9.95314031031304
10,19,856,5000,9.820853653265148
10,20,857,5000,9.989711407388207
10,21,858,5000,9.649659713479098
10,22,859,5000,9.084031388011732
10,23,860,5000,10.335275983618892
10,24,861,5000,9.804189555829064
10,25,862,5000,9.996552850827973
10,26,863,5000,9.604920489752924
10,27,864,5000,9.664793369854364
10,28,865,5000,9.727712890668487
10,29,866,5000,9.591377207725705
10,30,867,5000,9.705778346586287
10,31,868,5000,10.074110218498872
10,32,869,5000,9.381717537318396
10,33,870,5000,9.541998197873136
10,34,871,5000,9.76342972014218
10,35,872,5000,10.053914182995017
10,36,873,5000,9.67021610045503
10,37,874,5000,10.704853218793737
10,38,875,5000,9.871092950139865
10,39,876,5000,10.032009266859635
10,40,877,5000,9.656937915673577
10,41,878,5000,9.505711918240381
10,42,879,5000,9.733120350181311
10,43,880,5000,9.604728681704836
10,44,881,5000,9.727008965400993
10,45,882,5000,9.53280784715696
10,46,883,5000,9.529941739002979
10,47,884,5000,10.90819350907792
10,48,885,5000,9.421818273996223
10,49,886,5000,9.501642336138712
10,50,887,5000,9.409615753551396
10,51,888,5000,9.736587173279977
10,52,889,5000,9.678734056378119
10,53,890,5000,9.59614042700734
10,54,891,5000,9.908291718670224
10,55,892,5000,9.528130830330987
10,56,893,5000,9.40049373797892
10,57,894,5000,9.335089727190368
10,58,895,5000,9.585469676147921
10,59,896,5000,9.67166222144392
10,60,897,5000,9.526684444652966
10,61,898,5000,10.024007033732934
10,62,899,5000,9.606383653845175
10,63,900,5000,11.377523874482684
10,64,901,5000,10.01647460256507
10,65,902,5000,9.821301302094614
10,66,903,5000,9.667813008300454
10,67,904,5000,9.769333041689876
10,68,905,5000,9.502372517586249
10,69,906,5000,9.659565995702877
10,70,907,5000,10.299013418252754
10,71,908,5000,9.928576715499037
10,72,909,5000,10.943295823998112
10,73,910,5000,9.801227185780027
10,74,911,5000,9.935500451108547
10,75,912,5000,9.685472662600784
10,76,913,5000,9.83006973378596
10,77,914,5000,10.038606144263502
10,78,915,5000,9.961118840822069
10,79,916,5000,9.680578093137946
10,80,917,5000,9.826604121702337
10,81,918,5000,9.825678966567452
10,82,919,5000,9.675117193249894
10,83,920,5000,9.487707899579956
10,84,921,5000,9.449379323148491
10,85,922,5000,9.535486333781138
10,86,923,5000,9.610121954917517
10,87,924,5000,9.756037791183106
10,88,925,5000,10.108784756281823
10,89,926,5000,9.500459597074356
10,90,927,5000,10.009506690539936
10,91,928,5000,9.640996043390928
10,92,929,5000,9.551613163357741
10,93,930,3715,9.73824634824363
